[
  {
    "id": 1,
    "name": "রাহুল রহমান",
    "email": "rahul@example.com",
    "subject": "পানির সমস্যা",
    "date": "2025-11-01",
    "location": "নবগ্রাম",
    "description": "নবগ্রামের অনেক পরিবারই বর্তমানে নিরাপদ পানির অভাবের সমস্যায় ভুগছে। বিশেষ করে শিশু ও বৃদ্ধদের জন্য পানির প্রাপ্যতা নিশ্চিত করা জরুরি।",
    "status": "চলমান"
  },
  {
    "id": 2,
    "name": "সাবিনা ইয়াসমিন",
    "email": "sabina@example.com",
    "subject": "বিদ্যুৎ সরবরাহ",
    "date": "2025-11-02",
    "location": "গোপালপুর",
    "description": "গ্রামের বেশিরভাগ এলাকায় নিয়মিত বিদ্যুৎ বন্ধ হয়ে যায়। স্কুল ও হাসপাতাল কার্যক্রমে বড় ধরনের সমস্যা দেখা দেয়।",
    "status": "অমীমাংসিত"
  },
  {
    "id": 3,
    "name": "মোস্তাফিজুর রহমান",
    "email": "mostafiz@example.com",
    "subject": "রাস্তা নির্মাণ",
    "date": "2025-11-03",
    "location": "চাঁদপুর",
    "description": "মহানগর ও গ্রামের সংযোগ সড়কগুলো খারাপ অবস্থায় রয়েছে। গ্রীষ্ম ও বর্ষায় বৃষ্টির কারণে রাস্তাগুলো আরও বিপজ্জনক হয়ে যায়।",
    "status": "মীমাংসিত"
  },
  {
    "id": 4,
    "name": "নূরুল ইসলাম",
    "email": "nurul@example.com",
    "subject": "স্বাস্থ্য সেবা",
    "date": "2025-11-04",
    "location": "মির্জাপুর",
    "description": "গ্রামে পর্যাপ্ত স্বাস্থ্যকর্মী নেই। ডাক্তার এবং ওষুধের সরবরাহ সীমিত হওয়ায় সাধারণ মানুষ চিকিৎসা পেতে সমস্যায় পড়ছে।",
    "status": "চলমান"
  },
  {
    "id": 5,
    "name": "ফারহানা হক",
    "email": "farhana@example.com",
    "subject": "স্কুলের অবস্থা",
    "date": "2025-11-05",
    "location": "নবগ্রাম",
    "description": "গ্রামের স্কুলের ভবন ক্ষয়প্রাপ্ত এবং পাঠ্যক্রমের জন্য পর্যাপ্ত সুবিধা নেই। শিক্ষার্থীদের নিরাপদ ও মানসম্মত শিক্ষা নিশ্চিত করা প্রয়োজন।",
    "status": "মীমাংসিত"
  },
  {
    "id": 6,
    "name": "জাহিদ হাসান",
    "email": "jahid@example.com",
    "subject": "পরিবহন সমস্যা",
    "date": "2025-11-06",
    "location": "গোপালপুর",
    "description": "গ্রাম থেকে শহরের সংযোগ ব্যবস্থা খুব সীমিত। লোকাল বাস এবং ভাড়া যানবাহনের অভাবে সাধারণ মানুষ সময়মতো গন্তব্যে পৌঁছাতে পারছে না।",
    "status": "অমীমাংসিত"
  },
  {
    "id": 7,
    "name": "সাদিয়া রহমান",
    "email": "sadia@example.com",
    "subject": "পানি নিষ্কাশন",
    "date": "2025-11-07",
    "location": "চাঁদপুর",
    "description": "বৃষ্টির সময় গ্রামে জলাবদ্ধতা দেখা দেয়। সঠিক ড্রেনেজ ব্যবস্থা না থাকায় ঘরবাড়ি এবং রাস্তা জলমগ্ন হয়।",
    "status": "অমীমাংসিত"
  },
  {
    "id": 8,
    "name": "মাহমুদুল হাসান",
    "email": "mahmud@example.com",
    "subject": "সড়ক সাইন বোর্ড",
    "date": "2025-11-08",
    "location": "মির্জাপুর",
    "description": "গ্রামের প্রধান রাস্তা ও মোড়ে যথাযথ সাইনবোর্ড নেই। দুর্ঘটনা এড়াতে সঠিক নির্দেশিকা থাকা জরুরি।",
    "status": "মীমাংসিত"
  },
  {
    "id": 9,
    "name": "সুমাইয়া আক্তার",
    "email": "sumaiya@example.com",
    "subject": "বিদ্যুৎ বিল",
    "date": "2025-11-09",
    "location": "নবগ্রাম",
    "description": "গ্রামের অনেক পরিবার বিদ্যুৎ বিলের অতিরিক্ত চার্জ নিয়ে সমস্যায় রয়েছে। সময়মতো সুসংগত ব্যাখ্যা প্রয়োজন।",
    "status": "চলমান"
  },
  {
    "id": 10,
    "name": "রনজিত ঘোষ",
    "email": "ronjit@example.com",
    "subject": "পরিষ্কার পরিচ্ছন্নতা",
    "date": "2025-11-10",
    "location": "গোপালপুর",
    "description": "গ্রামে আবর্জনা ফেলার উপযুক্ত ব্যবস্থা নেই। ফলস্বরূপ, স্বাস্থ্য ঝুঁকি বৃদ্ধি পায় এবং পরিবেশ অপ্রাকৃতিক হয়ে যায়।",
    "status": "চলমান"
  }
]
