[
    {
      "id": 1,
      "img": "/blog1.jpg",
    
      "title": "নবগ্রাম জিয়া শিশু কেন্দ্র",
      "description":
        "শিশুদের জন্য সুরক্ষিত এবং শিক্ষামূলক পরিবেশ। এখানে শিশুদের মানসিক, শারীরিক এবং সামাজিক বিকাশের ওপর জোর দেওয়া হয়।"
    },
    {
      "id": 2,
      "img": "/blog2.jpg",
     
      "title": "গণ-অভ্যুত্থান বর্ষ পূর্তি র‍্যালি",
      "description":
        "গণ-অভ্যুত্থান বর্ষ পূর্তি উপলক্ষে আয়োজিত র‍্যালিতে স্থানীয়রা অংশগ্রহণ করেন। রঙিন প্যারেড ও বক্তৃতা দ্বারা উদযাপন করা হয়।"
    },
    {
      "id": 3,
      "img": "/blog3.jpg",
     
      "title": "শিক্ষা ও খেলার কার্যক্রম",
      "description":
        "প্রতিদিনের শিক্ষামূলক কার্যক্রমের সঙ্গে শিশুদের খেলাধুলা এবং সৃজনশীল কার্যক্রম অন্তর্ভুক্ত। এটি শিশুদের সামগ্রিক বিকাশ নিশ্চিত করে।"
    },
    {
      "id": 4,
      "img": "/blog4.jpg",
     
      "title": "খালেদা জিয়ার সঙ্গে মিটিং",
      "description":
        "খালেদা জিয়ার সঙ্গে শিশুদের উন্নয়ন ও শিক্ষার বিষয়ে গুরুত্বপূর্ণ আলোচনা এবং পরামর্শ সভা অনুষ্ঠিত।"
    }
  ]